<?xml version="1.0" encoding="utf-8"?>
<ArrayOfBrand xmlns:xsd="http://www.w3.org/2001/XMLSchema" xmlns:xsi="http://www.w3.org/2001/XMLSchema-instance">
	<Brand>
		<Name>Keenon</Name>
		<Id>1</Id>
		<Country>Japan</Country>
		<Warranty>10 years</Warranty>
	</Brand>
	<Brand>
		<Name>Pudu</Name>
		<Id>2</Id>
		<Country>China</Country>
		<Warranty>5 years</Warranty>
	</Brand>
	<Brand>
		<Name>OrionStar</Name>
		<Id>3</Id>
		<Country>U.S.A.</Country>
		<Warranty>8 years</Warranty>
	</Brand>
</ArrayOfBrand>